	mmoX	mmoY	mmoZ	mmoB	mmoC	mmoD	pmoA-amoA	pmoB-amoB	pmoC-amoC	mdh1,mxaF	mxaJ	mxaG	mdh2,mxaI	mxaA	mxaC	mxaK	mxaL	mxaD	fdhA	mdo	gfa	frmA,ADH5,adhC	frmB,ESD,fghA	FDH	fdoG,fdhF,fdwA	fdoH,fdsB	fdoI,fdsG	fdsD	fdhB	fdhA	fdhB	cdhA	cdhB	cdhC	cdhE,acsC	cdhD,acsD	cooS,acsA	cooF	glyA,SHMT	AGXT	hprA	gck,gckA,GLYCTK	ENO,eno	ppc	mdh	mtkB	mtkA	mcl	DAK,TKFC	ALDO	fbaB	FBA,fbaA	K01622	K16305	K16306	FBP,fbp	glpX	glpX-SEBP	fbp-SEBP	fbp3	pfkA,PFK	pfkB	pfkC	hxlB	hxlA	fae-hps	hps-phi	dmd-tmd	tmm	torA	torC	torD	torY	torZ	mauA	mauB	qhpA	fwdA,fmdA	fwdB,fmdB	fwdC,fmdC	fwdD,fmdD	fwdH	fwdF,fmdF	fwdG	fwdE,fmdE	ftr	mch	mtd	frhA	frhB	frhD	frhG	mtdB	fae	mer	mtrA	mtrB	mtrC	mtrD	mtrE	mtrF	mtrG	mtrH	mcrA	K00400	mcrB	mcrG	mcrC	mcrD	hdrA2	hdrB2	hdrC2	hdrD	hdrE	mvhD,vhuD,vhcD	mvhA,vhuA,vhcA	mvhG,vhuG,vhcG	ackA	pta	pta	ACSS1_2,acs	porA	porB	porC,porG	vorG,porG	porD	pps,ppsA	PGAM,gpmA	gpmB	gpmI	apgM	serA,PHGDH	serC,PSAT1	serB,PSPH	thrH	mtaA	mtaB	mtaC	mtbA	mttB	mttC	mtmB	mtmC	mtbB	mtbC	comA	comB	comC	comD	comE	fbiC	cofH	cofG	cofC,fbiD	cofD	cofE	cofF	aksA	aksD	aksE	aksF	mfnA,adc	mfnD	mfnB	mfnE	mfnF
KS-C1-L1	0.0	0.0	0.0	0.0	0.0	0.0	234.5	234.5	552.5	1146.5	1146.5	1268.5	1146.5	1152.5	407.5	1152.5	1152.5	1157.0	475.33	15.0	0.0	11974.32	3872.8	3345.0	57577.94	14032.95	4402.4	2056.0	721.67	19120.97	159.0	201.0	199.0	199.0	8992.220000000001	8877.92	14438.28	2354.67	44813.02999999999	3700.83	7449.42	290.0	43820.94999999999	12302.63	41479.3	1256.0	1256.0	4438.67	217.08	3803.0	10531.41	18580.84	1275.5	7.5	209.0	9579.58	8135.42	4193.0	2.0	353.07	52044.92999999999	512.65	0.0	355.5	34.5	199.0	12.0	57.0	374.5	41.4	4456.57	50.4	41.4	50.4	339.0	328.0	2.5	1453.0	1450.5	1255.5	201.0	0.0	87.0	4.0	16724.65	1448.5	1256.0	2.0	0.0	5982.0	869.5	0.0	1254.0	1429.0	518.5799999999999	9.0	4.0	4.0	4.0	4.0	2.0	4.0	205.0	85.0	89.0	85.0	85.0	2.0	4.0	44766.170000000006	18139.18	7886.54	89.0	6.0	6606.17	3081.0	2178.0	23398.44	3456.6600000000003	2165.65	54739.10999999999	11937.91	12801.34	12871.91	244.0	5319.67	36710.69	7959.809999999999	46634.25	25203.869999999995	10699.34	60258.39	25458.160000000003	8984.66	5448.67	16.25	0.0	0.0	0.0	6108.34	197.0	0.0	0.0	0.0	0.0	682.8	3186.13	0.0	13.83	41.83	3545.08	7.0	5.0	2635.83	7201.08	7426.08	62.0	2.0	3.0	2.0	2.0	2.0	2.0	2.0	2.0	2.0
KS-C1-L10	0.0	0.0	0.0	0.0	0.0	0.0	148.5	148.5	340.5	1225.0	1225.0	1361.0	1225.0	1227.0	487.0	1227.0	1227.0	1229.5	353.0	0.0	0.0	10637.04	2959.37	3593.17	57972.11	13577.36	4653.27	2336.5	609.34	20276.09	162.5	120.0	120.0	120.0	9297.09	9187.84	15065.69	3142.86	44289.40999999999	3861.0	5404.110000000001	548.0	43600.73999999999	10128.320000000002	39173.47	1278.0	1278.0	4377.01	205.33	3543.0	10359.29	16824.48	2494.0	10.5	121.0	7953.620000000001	8448.970000000001	4099.17	4.0	395.52	52083.30999999998	536.9300000000001	0.0	418.5	65.5	120.0	5.0	2.0	231.0	10.1	4252.9400000000005	10.1	10.6	10.6	450.0	445.0	8.0	1710.5	1706.0	1586.0	120.0	0.0	48.0	0.0	15753.44	1706.0	1588.5	0.0	0.0	5329.0	853.0	0.0	1588.5	1692.0	311.5	1.0	0.0	0.0	0.0	0.0	0.0	0.0	120.0	48.0	48.0	48.0	48.0	0.0	0.0	44958.15	18044.77	9428.59	48.0	0.0	7424.84	3802.0	3100.0	21738.54	3599.69	1927.1	53277.41999999999	11760.84	12821.84	13168.84	257.0	6064.84	35632.11	8069.110000000001	51370.42999999999	22649.899999999998	11063.67	61638.44999999999	22983.55	8191.460000000001	4874.84	1.33	0.0	0.0	0.0	6306.35	120.0	0.0	0.0	0.0	0.0	693.25	3125.77	0.0	39.0	59.0	3288.0	1.0	5.0	2759.5	9037.0	9176.0	194.34	0.0	0.0	0.0	0.0	0.0	0.0	0.0	0.0	0.0
KS-C1-L5	0.0	0.0	0.0	0.0	0.0	0.0	49.5	49.5	137.5	494.5	501.5	524.5	494.5	499.5	115.5	499.5	499.5	509.0	495.17	0.0	7.0	3583.26	1587.17	1350.5	62195.98	8269.95	2793.3	796.0	556.0	22843.410000000003	167.75	141.0	141.0	141.0	14991.53	14812.38	20328.46	8856.7	44783.48	1876.84	4353.24	1974.0	43880.98	6042.5	34899.149999999994	529.5	529.5	1508.0	75.75	1263.0	7654.999999999999	14101.419999999998	9480.0	45.0	163.0	7414.25	3339.15	1490.5	4.0	570.15	51547.27	236.0	0.0	268.5	67.5	141.0	28.0	41.0	458.0	37.17	2325.55	37.17	37.17	37.67	144.0	141.0	52.0	700.0	694.5	553.5	141.0	0.0	47.0	0.0	15040.03	694.5	559.38	0.0	0.0	3006.0	627.0	0.0	559.0	597.5	244.33	5.0	0.0	0.0	0.0	0.0	0.0	0.0	141.0	59.0	59.0	59.0	59.0	12.0	12.0	48530.83	22311.05	14820.65	47.0	0.0	11783.5	8869.0	8307.0	17949.82	2664.32	1537.75	48877.810000000005	17487.75	20297.75	20270.75	166.0	13708.75	34275.64	4073.33	54174.22	16994.15	19606.0	59024.18	15576.96	5378.63	4433.0	30.5	0.0	0.0	0.0	4781.0	141.0	0.0	0.0	0.0	0.0	346.65	2111.4700000000003	0.0	19.67	34.0	795.33	5.0	5.0	556.83	8643.0	8848.0	20.0	12.0	1.67	13.0	12.0	12.0	0.0	0.0	0.0	0.0
KS-C2-L1	0.0	0.0	0.0	0.0	0.0	0.0	131.0	131.0	246.0	395.5	395.5	627.5	395.5	401.5	127.5	401.5	401.5	401.5	210.5	3.0	0.0	12920.509999999998	4528.5	2431.5	49350.5	10543.999999999998	3907.0	1141.0	219.0	15683.0	170.5	79.0	79.0	79.0	7080.5	6937.0	9678.0	1664.0	44526.34	2272.5	8671.83	59.0	44127.34	13269.34	43304.84	621.5	621.5	3867.5	149.0	2605.0	7919.009999999999	17196.83	1168.5	4.5	87.0	11066.34	7138.5	4753.5	2.0	43.17	48771.18	529.83	0.0	245.0	12.0	79.0	6.0	16.0	179.0	10.0	2000.0	10.0	10.0	10.0	73.5	65.0	28.0	474.5	474.5	397.5	79.0	0.0	49.0	2.0	11618.5	474.5	397.5	2.0	0.0	2765.0	242.0	0.0	395.5	478.5	160.0	2.0	0.0	0.0	0.0	0.0	0.0	0.0	79.0	50.0	50.0	50.0	50.0	3.0	3.0	23960.0	13920.0	4272.5	47.0	0.0	3522.0	2323.0	1317.0	23332.5	1950.5	700.0	51770.68	12754.5	13966.5	13850.5	237.0	6559.0	30468.700000000004	6511.829999999999	46135.85	24892.340000000004	13633.5	58321.17999999999	22603.17	8713.839999999998	2957.0	0.5	0.0	0.0	0.0	3712.5	77.0	0.0	0.0	0.0	0.0	628.33	1946.33	0.0	6.5	93.17	3437.0	4.0	25.0	1509.0	6795.0	6961.0	4.0	3.0	1.0	4.0	3.0	5.0	2.0	2.0	2.0	2.0
KS-C2-L10	0.0	0.0	0.0	0.0	0.0	0.0	21.0	21.0	63.0	297.5	297.5	313.5	297.5	297.5	78.5	297.5	297.5	297.5	927.17	18.0	3.0	2309.9700000000003	1298.1	675.0	56642.99999999999	5226.950000000001	870.8	412.5	85.0	21501.15	1259.5	1068.34	1068.34	1067.67	18997.74	18839.09	22918.39	11704.42	44958.79000000001	623.0	3252.25	2084.0	44278.79000000001	3316.24	34360.04	307.5	307.5	560.5	31.0	490.5	6417.97	11548.949999999995	14696.5	1222.17	1191.34	5973.97	1938.17	605.5	17.0	354.75	49080.94	118.8	1.34	1239.67	7.0	1067.67	89.67	0.0	750.0	10.8	656.8	10.8	10.8	10.8	299.0	281.0	32.0	1405.84	1407.18	340.51	1069.01	0.0	801.01	2.34	12958.91	1405.17	339.17	1.67	0.67	1833.01	27.17	0.67	337.5	359.17	1119.67	29.34	0.67	0.67	0.67	0.67	0.67	0.67	1070.34	861.67	862.34	861.67	861.67	63.67	63.67	50449.28999999999	27792.06	21266.49	798.67	0.67	16061.5	12761.5	13478.5	13765.619999999995	2258.17	2284.8	47742.86	23294.17	25337.84	25348.17	33.0	21239.17	35741.740000000005	2672.4700000000003	55513.61	15063.96	25304.17	57183.880000000005	10496.889999999998	4740.39	1918.5	6.69	2.01	2.01	0.67	2573.34	1067.34	2.68	1.34	4.0200000000000005	1.34	277.15	1688.15	0.0	2.0	71.67	372.0	30.34	29.67	314.67	8038.67	9183.67	0.67	63.67	3.67	67.34	63.67	64.67	1.67	1.67	1.67	1.67
KS-C2-L5	0.0	0.0	0.0	0.0	0.0	0.0	20.0	20.0	60.0	708.0	717.5	824.0	708.0	711.0	153.0	711.0	711.0	711.0	1390.0	25.0	1.5	6149.51	3180.07	2663.5	59871.08	9523.84	3012.42	915.0	413.67	25665.72	298.0	311.0	311.0	311.0	15219.72	14933.42	19977.62	6635.55	46582.46999999999	3374.67	5881.09	628.0	44141.4	7475.160000000001	35697.65	802.5	802.5	2408.67	103.0	1814.0	7355.37	16493.960000000003	5836.5	150.5	349.0	9104.46	4143.76	2370.5	2.0	967.92	51667.42999999999	461.2	0.0	432.0	22.0	311.0	35.0	8.5	1193.5	58.370000000000005	2867.04	32.870000000000005	22.37	27.62	433.0	408.0	46.0	1365.0	1365.0	1063.0	311.0	0.0	100.0	9.0	16952.9	1365.0	1063.25	9.0	0.0	3395.0	434.5	0.0	1054.0	1074.0	514.25	12.0	0.0	0.0	0.0	0.0	0.0	0.0	311.0	99.0	99.0	99.0	99.0	8.0	8.0	44561.1	20839.61	11646.97	91.0	0.0	10036.17	6945.0	6003.0	18997.65	3790.76	2758.92	52469.05999999999	18138.59	19215.59	19518.59	521.0	14017.92	34686.399999999994	3515.25	48844.03999999999	20855.85	20116.34	59288.12999999999	18679.76	7093.7300000000005	4523.17	6.5	0.0	0.0	0.0	4482.84	302.0	0.0	0.0	0.0	0.0	548.3	2577.57	0.0	21.0	35.0	663.55	21.0	21.0	768.1	7125.55	7492.55	78.0	8.0	0.0	8.0	8.0	24.0	9.0	9.0	9.0	9.0
KS-C3-L1	0.0	0.0	0.0	0.0	0.0	0.0	304.5	304.5	721.0	1460.5	1460.5	1533.5	1460.5	1462.5	634.5	1462.5	1462.5	1468.0	483.0	31.0	9.0	19458.35	4525.67	4479.0	44215.37	12795.16	6043.67	2958.0	330.31999999999994	12278.32	416.5	25.0	25.0	25.0	4783.57	4631.57	8037.709999999999	990.32	43900.4	4855.5	9017.34	65.0	43153.23	17210.019999999997	41299.16	1495.5	1495.5	5584.82	468.25	4390.5	7928.01	21355.04	449.0	60.5	31.0	10245.35	10931.06	4950.5	9.0	457.23	47884.890000000014	1750.67	0.0	310.0	27.5	25.0	13.0	40.0	383.0	59.5	2630.32	70.0	40.5	63.0	524.0	521.0	56.0	1499.0	1490.5	1468.5	25.0	0.0	20.0	0.0	10414.78	1493.5	1474.0	0.0	0.0	4411.0	421.5	0.0	1471.0	1706.0	294.0	0.0	0.0	0.0	0.0	0.0	0.0	0.0	25.0	12.0	12.0	12.0	12.0	0.0	0.0	24778.34	10982.1	4792.459999999999	12.0	0.0	3219.32	1509.5	842.5	24026.73	3469.1400000000003	3353.84	52352.97999999999	7861.459999999999	8509.32	8465.46	122.0	2641.32	31870.830000000005	11516.84	51831.41	24007.06	8211.5	59374.85999999999	27910.01	11484.33	4136.99	9.25	8.0	8.0	0.0	4589.139999999999	33.0	0.0	0.0	0.0	0.0	934.17	3170.34	0.0	2.0	85.34	6602.67	0.0	2.0	4969.17	9571.67	9519.17	4.0	0.0	0.0	0.0	0.0	0.0	0.0	13.5	0.0	3.0
KS-C3-L10	0.0	0.0	0.0	0.0	0.0	0.0	23.0	23.0	69.0	637.5	637.5	689.5	637.5	637.5	252.5	637.5	637.5	637.5	449.84	3.0	0.0	2714.5	1191.16	1315.0	56348.50000000001	5868.0	1621.33	1012.5	91.33	19869.33	153.5	511.0	511.0	511.0	18469.33	18351.33	22488.99	12770.83	44903.66000000001	1470.34	2068.0	3799.0	44143.16000000001	3725.0	36086.16	665.5	665.5	1263.33	166.0	1115.5	7847.0	9257.66	16928.0	72.0	533.0	4377.16	3220.33	1270.5	62.0	264.0	50024.66	222.33	2.0	620.33	20.0	511.0	12.0	18.0	365.0	32.33	776.6600000000001	34.33	16.33	35.33	320.0	320.0	24.0	1148.5	1149.5	640.5	512.0	0.0	385.0	4.0	11489.32	1148.5	640.5	3.0	0.0	1429.0	133.0	0.0	637.5	660.5	587.0	9.0	1.0	1.0	1.0	1.0	1.0	1.0	517.0	390.0	391.0	390.0	390.0	8.0	8.0	44445.8	25323.99	20170.33	383.0	1.0	15824.83	13175.5	13391.5	15682.5	2040.33	824.3300000000002	46883.490000000005	20752.33	26080.83	26088.83	73.0	18663.83	32795.65000000001	2839.83	60998.01	12635.66	27176.0	57765.830000000016	10353.99	3315.49	1743.33	24.0	2.0	2.0	1.0	4896.66	515.0	4.0	2.0	2.0	2.0	200.0	1452.34	0.0	18.34	38.34	561.5	10.0	10.0	494.84	8330.84	8948.84	38.0	8.0	7.84	12.5	8.0	12.0	3.0	3.0	3.0	3.0
KS-C3-L5	0.0	0.0	0.0	0.0	0.0	0.0	150.5	150.5	407.5	859.5	862.0	930.5	859.5	867.5	348.5	867.5	867.5	876.0	509.0	5.0	2.5	14950.37	4268.120000000001	2939.92	50842.94	13178.21	5010.77	2208.5	495.34	15600.94	584.25	63.0	63.0	63.0	7030.1900000000005	6930.09	11405.72	1695.09	43780.22	4330.5	9213.5	85.0	43099.63	15685.15	40919.9	910.0	910.0	3681.51	341.5	3025.0	8525.119999999999	20580.59	747.0	103.0	86.0	11536.95	7795.87	3795.17	3.0	392.82	50033.31999999999	1098.1	0.0	227.0	24.5	63.0	35.0	108.5	444.5	109.6	3408.94	78.60000000000001	58.60000000000001	60.85000000000001	324.0	319.0	86.75	946.0	929.5	866.5	63.0	0.0	40.0	0.0	14140.71	929.5	875.0	0.0	0.0	4566.0	537.0	0.0	875.0	1005.0	240.5	8.0	0.0	0.0	0.0	0.0	0.0	0.0	63.0	53.0	53.0	53.0	53.0	13.0	13.0	34945.770000000004	14776.79	6514.51	40.0	0.0	4557.84	2032.0	1294.0	24388.520000000004	3673.07	2824.3500000000004	52563.77999999999	10411.16	11060.09	10992.16	145.0	4413.09	35001.74	8359.52	43725.91	26137.71	10282.5	58949.90999999999	27395.709999999995	10174.11	4809.09	0.0	0.0	0.0	0.0	5046.35	63.0	0.0	0.0	0.0	0.0	778.6	3304.35	0.0	7.0	129.0	4277.25	8.0	16.0	2640.75	6923.5	6989.5	3.0	13.0	0.0	13.0	13.0	13.0	0.0	0.0	0.0	0.0
KS-C4-L2	0.0	0.0	0.0	0.0	0.0	0.0	221.0	221.0	381.0	911.5	911.5	1123.5	911.5	932.5	390.5	932.5	932.5	932.5	324.33	6.5	0.0	18794.92	5475.2	4086.0	42739.69	11002.929999999998	5530.599999999999	1916.5	148.0	11426.0	287.0	10.0	10.0	10.0	4159.0	3984.5	6416.5	658.33	44527.20999999999	3809.0	9812.5	63.0	43769.38	16678.96	42934.26	1088.5	1088.5	5343.0	215.33	3557.0	8630.759999999998	18342.17	297.0	4.5	10.0	11023.26	9702.32	6279.5	0.0	179.29999999999998	47086.70999999999	996.6	2.0	412.0	42.0	10.0	0.0	114.0	255.0	12.6	1612.6	4.6000000000000005	0.6000000000000001	0.6000000000000001	258.5	253.0	6.0	932.17	925.17	915.17	10.0	0.0	10.0	0.0	7759.0	925.17	915.17	0.0	0.0	2683.0	212.5	0.0	914.5	1042.17	276.83	0.0	0.0	0.0	0.0	0.0	0.0	0.0	10.0	10.0	10.0	10.0	10.0	0.0	0.0	17211.79	9013.79	3248.79	10.0	0.0	2044.0	1314.0	432.0	22740.22	2181.12	1464.1	51502.07999999998	9204.29	10431.0	10430.29	171.0	3457.0	30200.74	9091.259999999998	49989.02999999998	24904.87999999999	10358.17	58539.919999999984	25387.08999999999	10405.759999999998	2988.5	0.0	0.0	0.0	0.0	4073.0	10.0	0.0	0.0	0.0	0.0	746.0	1977.83	0.0	21.33	247.33999999999995	5737.33	0.0	0.0	3489.33	8522.33	8617.33	11.0	0.0	3.0	3.0	0.0	0.0	0.0	0.67	0.0	0.67
KS-C4-L5	0.0	0.0	0.0	0.0	0.0	0.0	71.5	71.5	211.5	798.5	798.5	972.5	798.5	806.5	236.5	806.5	806.5	808.0	154.33999999999995	9.0	0.4	13124.17	4456.530000000001	3285.4	51128.77999999999	11156.94	3922.1	1493.0	213.0	19662.0	76.0	100.0	100.0	100.0	8938.0	8839.0	12193.5	1774.0	45017.07000000001	3019.6400000000003	7569.5	117.0	44357.600000000006	11454.929999999998	42673.600000000006	963.0	963.0	4211.9	64.17	3432.4	8105.7	16714.1	1249.0	5.5	104.0	9501.66	7496.740000000001	5298.9	0.0	210.83	49054.85999999999	557.0999999999999	0.0	322.5	19.5	100.0	6.0	9.9	137.5	0.7	2528.7	0.7	0.7	0.7	194.0	194.0	1.5	971.0	969.5	872.5	100.0	0.0	44.0	3.0	13091.5	969.5	874.0	3.0	0.0	3436.0	306.0	0.0	871.0	939.5	535.6700000000001	0.0	0.0	0.0	0.0	0.0	0.0	0.0	100.0	41.0	41.0	41.0	41.0	0.0	0.0	27389.0	13369.0	5247.0	41.0	0.0	4301.0	2750.0	1532.0	21568.87	2450.5	1331.53	51770.740000000005	13358.0	14292.0	14298.0	220.0	7822.0	30648.92	7252.77	48417.89000000001	22369.6	15679.5	58995.57000000001	22175.93	8474.59	3253.33	13.0	0.0	0.0	0.0	4324.9	97.0	0.0	0.0	0.0	0.0	566.5	2495.67	0.0	5.84	125.17	3623.67	3.0	3.0	2510.34	7446.84	7629.84	55.0	0.0	3.17	2.5	0.0	3.0	3.0	3.0	3.0	3.0
KS-C5-L1	4.0	4.0	4.0	4.0	4.0	4.0	127.5	127.5	190.5	600.5	600.5	660.5	600.5	613.5	226.5	613.5	613.5	626.0	357.5	15.5	0.0	15816.84	4673.370000000001	2850.5	36516.68	8833.27	4198.02	1338.5	45.0	8627.5	259.5	20.0	20.0	20.0	2982.25	2869.75	4587.17	696.15	44481.77	3146.5	11116.09	22.0	43951.1	17653.61	43134.09	635.5	635.5	3849.0	248.4	2882.5	7561.919999999999	19947.71	557.0	26.0	24.0	13244.01	8305.15	4727.0	2.0	86.27	46637.45999999999	782.1	12.0	150.5	48.5	20.0	17.0	30.0	300.0	20.27	1235.0200000000002	22.27	20.27	27.02	157.5	152.0	17.0	715.3299999999999	702.8299999999999	682.8299999999999	20.0	0.0	32.0	0.0	5730.42	702.8299999999999	693.3299999999999	0.0	0.0	1856.0	90.0	0.0	693.0	740.83	182.25	2.0	0.0	0.0	0.0	0.0	0.0	0.0	20.0	20.0	20.0	20.0	20.0	0.0	0.0	13117.86	8634.86	2958.36	20.0	0.0	1819.0	1542.0	528.0	25668.27	1880.18	1104.02	49496.16	7881.11	9201.25	9125.11	145.0	2814.25	28878.45	7771.349999999999	46124.670000000006	25523.52	8864.0	55772.47	24855.34	9389.0	2302.0	0.0	12.0	12.0	0.0	3006.0	32.0	0.0	0.0	0.0	0.0	752.5	2212.98	0.0	21.0	166.66	4397.25	4.0	7.0	2157.5	7009.75	7127.75	2.0	0.0	6.5	6.5	0.0	2.0	0.0	2.33	0.0	2.33
KS-C5-L5	0.0	0.0	0.0	0.0	0.0	0.0	20.5	20.5	30.0	689.0	689.0	831.0	689.0	689.0	230.0	689.0	689.0	690.5	504.0	8.0	0.6	9601.48	5960.429999999999	4406.43	52803.500000000015	9288.3	5294.63	977.0	113.67	22119.17	82.0	215.0	204.0	210.0	12265.17	12216.17	16092.51	5257.17	45194.91	5719.2	4501.0	703.0	44182.05	7440.44	39397.22	782.0	782.0	4670.1	127.5	3963.6	7198.37	15562.210000000005	4705.5	32.0	269.0	7900.74	4176.219999999999	6147.93	3.0	302.0	49894.96	540.3	11.0	290.5	1.5	216.0	50.0	8.6	413.0	272.2	2359.87	200.2	196.2	196.2	329.0	321.0	52.0	1325.5	1358.0	1181.0	250.0	0.0	152.0	45.0	13360.18	1324.0	1131.5	34.0	12.0	2381.0	82.0	12.0	1097.5	1113.0	521.0	79.0	45.0	45.0	45.0	45.0	34.0	33.0	272.0	140.0	173.0	140.0	140.0	44.0	55.0	29505.2	15702.01	8911.67	140.0	44.0	7058.67	5317.0	4150.0	19182.11	3932.91	1592.7	53141.09999999999	15477.17	16163.17	16587.17	748.0	11431.67	29858.000000000004	5605.95	49408.46	20909.72	19059.0	61761.09	20503.550000000003	9874.14	2951.17	3.5	0.0	0.0	0.0	6026.77	182.5	0.0	0.0	1.0	0.0	244.0	3419.0	0.0	28.0	75.0	774.5	58.0	58.0	1113.5	6233.5	6480.5	17.0	44.0	36.0	46.0	44.0	44.0	34.0	34.0	34.0	34.0
KS-C5-L8	0.0	0.0	0.0	0.0	0.0	0.0	28.0	28.0	87.0	1698.0	1718.0	1870.0	1698.0	1698.0	941.0	1698.0	1698.0	1702.0	502.5	12.0	3.0	3844.44	1849.7	3213.5	51030.100000000006	6230.44	3210.6	1961.0	50.67	16485.17	33.0	97.66	97.66	97.66	13454.83	13289.0	17845.17	8196.5	44140.62	3838.67	3214.0	2782.0	43161.62	6183.47	34800.21	1781.0	1781.0	2438.17	216.0	2991.5	7444.94	14662.38	11144.0	5.33	128.66	5591.77	4254.38	2911.5	11.0	656.75	49725.630000000005	194.6	0.66	252.33	73.0	97.33	14.33	3.0	403.0	4.1	441.77	4.1	4.1	4.1	1130.0	1119.0	44.0	1917.66	1917.99	1820.66	97.99	0.0	58.66	0.66	10498.84	1917.33	1820.33	0.33	0.33	549.99	42.33	0.33	1817.0	1825.0	153.32999999999998	17.990000000000002	0.33	0.33	0.33	0.33	0.33	0.33	97.66	66.33	66.66	66.33	66.33	8.33	8.33	36668.86	19394.49	15375.33	58.33	0.33	10196.67	8455.5	8223.5	19754.680000000004	3709.66	1040.1	44323.69	16595.0	21155.0	21276.0	29.0	14047.0	28493.95	5818.929999999999	51811.97	16184.62	21930.83	54942.96000000001	15293.37	5183.599999999999	2605.67	20.32	0.99	0.99	0.33	4064.16	98.99	0.66	0.66	3.65	0.99	415.1	2309.7700000000004	0.0	29.67	62.0	595.0	17.66	35.33	655.0	6127.0	6286.0	28.33	8.33	3.5	9.83	8.33	8.33	0.33	3.33	3.33	3.33
MB-C1-L1	0.0	0.0	0.0	0.0	0.0	0.0	0.0	0.0	0.0	650.0	650.0	813.0	650.0	650.0	397.0	650.0	650.0	660.0	11.33	1.0	2.0	7096.829999999999	1504.5000000000002	1985.5	51087.09	10763.330000000002	3070.8699999999994	913.0	420.33	19676.870000000003	410.75	311.0	311.0	311.0	8939.5	8461.2	14123.71	2018.7200000000005	43176.94999999999	7033.83	5535.889999999999	695.0	43181.08999999999	9984.830000000002	38743.240000000005	752.0	752.0	2403.83	204.75	2076.0	9240.33	21615.640000000003	1876.5	146.0	509.0	6763.249999999999	7932.48	1901.0	0.0	1237.42	55501.19	703.0000000000001	22.0	578.0	0.0	311.0	250.0	161.0	5.0	94.0	4277.449999999999	119.0	28.0	37.00000000000001	401.0	401.0	0.0	4785.0	4278.0	4355.0	318.0	0.0	159.0	9.0	16680.989999999998	4785.0	4503.12	9.0	0.0	5069.5	673.0	0.0	1087.0	4474.0	678.0	35.0	7.0	7.0	7.0	7.0	7.0	7.0	340.0	207.0	214.0	207.0	207.0	64.0	64.0	41315.47	17520.239999999998	8016.28	150.0	7.0	6392.33	2244.0	2217.0	24439.92	2999.67	2164.75	51254.62	10775.73	12067.08	12481.73	286.0	4976.58	33459.14000000001	5700.499999999999	49849.25	22841.950000000008	16091.0	63411.79	24071.290000000005	5674.079999999999	4623.33	60.0	15.0	22.0	7.0	6111.66	317.0	30.0	14.0	15.0	15.0	444.0	5255.85	0.0	54.33	186.33	3179.5	58.5	56.5	2782.83	7271.83	7882.83	9.0	63.0	13.83	67.0	63.0	85.0	9.0	3186.0	9.0	3396.0
MB-C2-L1	0.0	0.0	0.0	0.0	0.0	0.0	0.0	0.0	0.0	397.0	397.0	473.0	397.0	397.0	294.0	397.0	397.0	401.0	32.33	0.0	8.0	1492.0700000000002	367.24	872.0	55970.05	8156.849999999999	1031.37	491.0	451.0	21745.15	42.5	3012.5	3012.5	3012.5	17600.15	17338.0	20112.81	7950.45	43822.170000000006	2885.33	1458.07	3602.0	43709.24	2609.2700000000004	35529.93000000001	401.0	401.0	879.0	91.5	772.0	8151.369999999999	15123.88	12911.0	3.5	3856.0	3990.04	3283.3	828.5	0.0	1479.48	51724.84	136.87	8.0	3978.33	55.16	3012.5	482.5	13.0	39.0	30.87	2677.87	30.87	15.87	26.870000000000005	341.0	341.0	32.0	5254.0	5192.5	2225.0	3019.0	0.0	2104.5	24.0	15461.15	5254.0	2274.0	22.5	0.0	6167.5	267.0	0.0	591.0	2241.5	3325.5	127.0	6.5	6.5	6.5	6.5	6.5	6.5	3221.0	2327.5	2334.0	2327.5	2327.5	250.5	250.5	58315.16	29366.76	18198.36	2083.5	6.5	16983.0	9987.0	12554.0	18119.67	3870.82	174.86999999999998	46417.24	20756.71	23377.0	23757.71	166.0	16481.0	32497.4	1910.2000000000005	50783.63999999999	16153.84	25597.0	58759.14000000001	13464.35	5978.039999999999	2796.0	26.5	14.0	14.0	1.5	5222.0	3002.5	28.0	3.0	14.0	14.0	163.65	2845.43	0.0	16.33	288.83	469.0	147.5	152.5	604.83	6414.83	9999.83	93.0	239.5	8.83	239.5	239.5	265.5	22.5	1624.0	22.5	1673.0
MB-C2-L1-B	0.0	0.0	0.0	0.0	0.0	0.0	22.0	22.0	52.0	805.0	805.0	981.0	805.0	822.0	525.0	822.0	822.0	833.0	120.0	0.5	57.0	14615.75	3857.38	2653.67	38287.52	10463.39	5502.05	2195.33	310.34000000000003	13182.84	559.75	45.01	44.34	43.67	5037.68	4701.68	8212.48	940.28	43246.96	9265.83	7903.07	148.0	42763.98999999999	16473.25	39391.35	911.0	911.0	3919.34	575.9	3064.0	6300.969999999999	25451.430000000004	405.5	169.67000000000002	92.34	8112.67	9869.06	2824.0	0.0	1493.6699999999998	51665.71	1124.63	11.34	269.17	34.0	43.67	325.67	1056.0	123.0	314.8	2620.81	258.29999999999995	55.8	75.47	521.0	521.0	5.0	4406.34	3694.01	4301.34	45.01	0.0	25.34	14.34	11299.45	4397.67	4374.67	13.67	0.0	4067.68	709.0	0.0	1175.0	4357.0	290.67	13.34	0.67	0.67	0.67	0.67	0.67	0.67	44.34	33.67	34.34	33.67	33.67	22.67	22.67	22981.620000000003	10381.74	4547.56	11.0	0.67	3169.34	1383.0	1260.0	25644.05	3452.57	3883.83	50391.280000000006	5672.469999999999	6700.76	6957.469999999999	191.0	2312.26	30389.64	8310.239999999998	52133.04	23570.490000000005	12383.67	63717.94	28583.590000000004	8589.6	4235.5	42.95	2.01	2.01	0.67	6446.02	31.34	2.68	0.67	4.0200000000000005	1.34	611.5	5260.35	5.0	242.5	362.84	6899.0	35.34	32.67	4495.67	9993.67	10177.67	11.78	28.67	4.17	26.17	22.67	44.67	13.67	2944.67	13.67	3192.67
MB-C3-L1	0.0	0.0	0.0	0.0	0.0	0.0	25.0	25.0	65.5	845.5	845.5	1099.5	845.5	850.5	600.5	850.5	850.5	860.5	69.0	0.0	36.0	12963.850000000002	2664.87	2351.5	41185.420000000006	9953.94	4262.27	1583.0	313.67	14955.17	409.75	56.5	56.5	60.0	6021.92	5638.92	9512.1	1092.84	43297.94999999999	8274.33	7270.67	192.0	42974.69999999999	14525.8	39856.77	970.0	970.0	3557.17	392.92	2623.0	7446.43	23455.3	492.5	41.5	103.5	7158.6	9988.8	2748.0	0.0	1128.93	52959.52999999998	887.2700000000001	18.5	289.0	13.0	56.5	241.5	458.0	98.5	122.1	2759.52	102.1	33.1	47.85000000000001	601.0	601.0	5.5	5153.33	4321.83	5010.33	60.0	0.0	29.5	7.5	12531.6	5153.33	5110.33	7.5	0.0	4334.5	705.5	0.0	1082.5	5105.83	303.0	19.0	3.5	3.5	3.5	3.5	3.5	3.5	61.0	34.5	38.0	34.5	34.5	12.5	12.5	26639.13	11647.44	4978.6	25.5	3.5	3670.67	1451.0	1277.0	25072.45	2771.1000000000004	2888.02	50695.93999999998	7222.6	8649.67	8800.6	224.0	3035.17	30170.1	8390.6	54295.51999999998	21680.369999999995	14703.33	64406.00999999999	27154.77	6923.27	3898.84	21.17	2.0	2.0	0.0	5796.34	51.0	4.0	0.0	2.0	2.0	502.5	5604.75	0.0	142.0	281.33000000000004	6388.5	36.5	38.5	4428.0	9546.0	9753.0	0.0	13.5	18.5	25.5	10.5	20.5	7.5	3793.83	7.5	4021.83
PL-C1-L1	0.0	0.0	0.0	0.0	0.0	0.0	282.0	283.0	676.0	1784.0	1784.0	2017.0	1784.0	1790.0	640.0	1791.0	1791.0	1790.0	152.0	14.0	0.0	14634.67	4692.7	5987.0	49853.18000000001	14362.25	7871.93	5097.0	462.0	16397.9	205.0	73.0	73.0	73.0	5343.15	5250.75	9428.24	1461.96	43449.07000000001	9234.0	7109.610000000001	138.0	43342.66	15008.31	38856.91	1796.0	1796.0	6940.5	143.1	3739.0	7962.93	22827.160000000003	647.5	14.5	96.0	7293.93	9801.08	6779.5	7.0	433.82	48977.640000000014	716.6	8.0	555.0	49.0	73.0	232.0	38.0	123.0	6.1	3334.1	2.1	0.1	0.1	507.0	507.0	39.0	4330.5	4064.5	4258.5	75.0	0.0	32.0	2.0	10944.15	4327.5	4257.5	2.0	0.0	4755.0	553.5	0.0	1845.0	4475.5	720.25	6.0	2.0	2.0	2.0	2.0	2.0	2.0	73.0	36.0	38.0	36.0	36.0	8.0	8.0	29769.49	11144.09	5465.19	30.0	2.0	4338.0	1374.0	1153.0	23850.430000000004	5561.0	1476.68	54826.97	7364.79	7807.5	7903.79	219.0	2386.5	28129.34	12107.18	53277.21	19207.58	9376.0	68738.38999999998	26943.51	11431.43	4569.0	15.5	4.0	6.0	6.0	4782.0	79.0	8.0	8.0	4.0	4.0	815.4	4449.69	0.0	32.0	96.67	5180.08	7.0	6.0	5180.83	11140.08	11126.08	22.0	8.0	2.0	8.0	8.0	9.0	2.0	2202.5	2.0	2412.5
PL-C1-L4	10.0	10.0	10.0	10.0	10.0	0.0	195.0	195.0	475.0	2011.5	2011.5	2337.5	2011.5	2011.5	628.5	2011.5	2011.5	2013.5	78.5	0.0	0.0	10219.11	3008.2	5496.25	58906.59	13646.309999999998	5915.600000000002	4331.5	319.33	20171.380000000005	157.0	451.0	451.0	451.0	10618.13	10478.08	15898.2	4493.4800000000005	43703.26000000001	6934.58	5305.77	851.0	43485.02	11154.529999999995	38392.32000000001	2041.5	2041.5	5968.33	155.25	3332.75	8441.100000000002	18856.53	4277.0	22.5	538.0	6417.100000000002	8353.2	5418.0	7.0	502.39	51511.05000000001	462.1000000000001	0.0	1023.0	90.0	451.0	125.0	3.0	46.0	11.6	3819.68	9.6	8.6	8.6	539.0	539.0	7.25	3832.33	3768.33	3387.33	451.0	0.0	207.0	10.0	14839.12	3832.33	3397.08	10.0	0.0	5217.0	347.5	0.0	2060.5	3540.33	905.33	14.0	0.0	0.0	0.0	0.0	0.0	0.0	458.0	238.0	238.0	238.0	238.0	41.0	41.0	44151.06	19253.2	10413.24	197.0	0.0	8922.33	4220.0	4231.0	20763.25	5085.29	1180.1799999999998	54184.95	12753.94	13698.33	13819.94	480.0	7272.33	32608.6	9993.69	52822.990000000005	19115.52	14073.1	65742.56000000001	22928.529999999995	8954.199999999999	4451.08	56.5	3.0	3.0	0.0	5396.66	444.0	6.0	0.0	3.0	3.0	689.55	3631.04	0.0	10.0	85.0	3662.83	30.0	32.0	3893.16	9622.83	10076.83	79.34	38.0	0.0	38.0	38.0	53.0	10.0	1280.8300000000002	10.0	1332.8300000000002
PL-C1-L7	0.0	0.0	0.0	0.0	0.0	0.0	9.34	9.34	25.34	112.67	112.67	112.67	112.67	112.67	4.67	112.67	112.67	113.34	15.0	0.0	0.0	759.8199999999999	294.90000000000003	417.67	62649.85	6273.889999999999	414.4899999999999	310.17	305.0	23008.640000000003	17.5	1846.0	1846.0	1846.0	27004.27	26905.87	31777.66	17708.370000000003	44287.380000000005	759.1700000000001	591.9	3442.0	44051.21	1551.26	39611.00000000001	112.67	112.67	374.0	20.5	240.17	7033.86	7775.049999999998	21933.0	3.5	2265.0	4771.03	1338.9299999999998	390.0	0.0	261.49	52785.060000000005	102.20000000000002	3.0	2368.84	56.84	1846.0	228.67	0.0	9.0	5.700000000000001	1293.32	5.700000000000001	5.700000000000001	5.700000000000001	0.0	0.0	0.0	2373.67	2364.67	535.6700000000001	1849.0	0.0	987.0	5.0	16442.27	2373.67	545.96	5.0	0.0	3596.0	166.5	0.0	113.34	536.34	2049.0	89.0	3.0	3.0	3.0	3.0	3.0	3.0	1959.0	1119.0	1122.0	1119.0	1119.0	140.0	140.0	68121.31999999999	38491.3	29804.9	982.0	3.0	24755.0	20029.0	20805.0	11480.55	2844.91	102.2	46756.47000000001	29285.5	31682.5	31977.5	26.0	26639.5	43291.56	1156.7	59923.05	12627.71	34644.9	56746.04	10229.22	3364.6000000000004	1632.5	11.5	0.0	0.0	0.0	3743.0	1841.0	0.0	0.0	0.0	0.0	72.4	2478.4	0.0	12.0	154.0	135.0	100.0	104.0	301.0	4910.0	7021.0	43.0	140.0	3.0	140.0	140.0	154.0	5.0	408.0	5.0	420.0
PL-C2-L1	15.0	15.0	15.0	15.0	15.0	0.0	235.0	235.0	465.0	2194.5	2194.5	2453.5	2194.5	2194.5	587.5	2194.5	2194.5	2197.5	186.67	18.0	0.0	16652.82	4911.0	6245.0	35929.93000000001	11948.47	7675.83	4199.0	67.0	6831.8	113.0	13.0	13.0	13.0	1348.8	1293.5	2371.1	268.0	43620.780000000006	8884.66	7252.0	39.0	43347.46000000001	15578.84	40823.29000000001	2306.5	2306.5	7109.5	440.83	5793.0	7483.51	22551.62	199.0	0.0	26.0	7834.17	11620.13	7532.5	14.0	196.83	46861.1	670.5	0.0	678.3299999999999	20.33	13.0	481.0	0.0	106.0	24.5	781.0	38.5	0.5	14.5	495.0	491.0	8.0	5535.49	4872.49	5511.49	13.0	0.0	0.0	0.0	3425.3	5535.49	5522.49	0.0	0.0	1718.0	57.0	0.0	2205.0	5677.49	268.33	0.0	0.0	0.0	0.0	0.0	0.0	0.0	13.0	10.0	10.0	10.0	10.0	10.0	10.0	7242.9	3983.1	1666.8	0.0	0.0	875.0	375.0	130.0	25236.62	3299.33	822.3299999999999	52105.09	5926.0	6643.0	6389.0	42.0	1106.0	20002.86	12842.16	51963.08	19820.64	11157.49	64510.08999999998	24933.660000000003	11996.34	2045.0	0.0	0.0	0.0	0.0	2942.5	13.0	0.0	0.0	0.0	0.0	1270.3	4776.79	0.0	33.67	367.34	5815.16	3.0	15.0	5047.5	9404.5	9125.5	41.0	10.0	10.34	10.0	10.0	10.0	0.0	2869.99	3.0	3317.49
PL-C2-L1-B	25.0	25.0	25.0	25.0	25.0	0.0	348.0	348.0	702.0	2236.0	2258.0	2504.0	2236.0	2236.0	824.0	2236.0	2236.0	2236.0	177.32000000000002	21.5	12.0	20882.01	4389.28	5591.0	33205.000000000015	10994.8	7237.77	4506.5	51.0	6298.55	128.5	27.0	27.0	27.0	1025.8	957.75	1832.05	239.65	44004.26000000002	8570.06	5824.63	22.0	43326.59000000002	15587.78	40129.77000000002	2313.5	2313.5	7958.5	528.1	5985.75	6184.56	24284.210000000003	174.0	4.0	33.0	5966.32	15303.46	7364.5	36.5	387.46	46263.24000000002	650.6	4.0	991.5	151.5	27.0	253.0	18.0	127.5	17.1	509.6	33.1	13.1	34.1	665.0	665.0	13.5	5629.99	5041.99	5582.99	27.0	0.0	7.0	0.0	2676.05	5629.99	5602.99	0.0	0.0	2213.5	56.5	0.0	2237.0	5834.99	304.34000000000003	4.0	0.0	0.0	0.0	0.0	0.0	0.0	27.0	9.0	9.0	9.0	9.0	2.0	2.0	4844.65	2572.35	1061.55	7.0	0.0	609.5	279.5	138.5	23861.88000000001	3373.15	1316.85	53100.29000000002	4416.0	4894.0	4787.67	60.0	834.0	18036.23	13950.78	59955.67000000001	17452.089999999997	9748.99	64767.99000000003	24530.910000000003	11497.66	1491.83	37.75	0.0	0.0	0.0	2821.5	27.0	0.0	0.0	0.0	0.0	1869.55	4869.35	8.0	70.82	273.48	9783.34	20.5	20.5	9194.66	13783.16	12995.16	75.0	2.0	18.32	4.0	2.0	2.0	0.0	3135.49	0.0	3365.99
PL-C2-L4	0.0	0.0	0.0	0.0	0.0	0.0	14.0	14.0	42.0	892.0	892.0	981.0	892.0	892.0	100.0	892.0	892.0	892.0	48.7	0.0	0.0	3889.61	478.3999999999999	2217.2	53993.21000000001	8460.08	1763.95	1245.0	270.0	21899.8	19.0	903.0	903.0	903.0	12755.05	10239.75	15561.21	3978.17	44291.780000000006	3232.87	1722.5	1354.0	43435.45	4855.26	36987.53	916.0	916.0	1814.0	55.3	1125.0	6836.73	23512.95	4177.0	0.0	942.0	3253.03	5457.849999999999	1437.0	0.0	302.87	57016.72	135.2	6.0	1060.0	27.0	903.0	33.0	0.0	0.0	18.2	2721.33	14.199999999999998	12.199999999999998	12.199999999999998	89.0	89.0	0.0	3193.17	3184.17	2299.17	909.0	0.0	93.0	7.0	15213.569999999996	3193.17	2305.92	7.0	0.0	3967.0	262.0	0.0	1082.0	2304.17	1153.83	16.0	6.0	6.0	6.0	6.0	6.0	6.0	912.0	92.0	98.0	92.0	92.0	12.0	12.0	44580.35	18573.3	11047.0	86.0	6.0	8131.0	3739.0	4326.0	21586.219999999998	4966.42	273.03	48700.85999999999	11744.12	12457.12	12713.12	386.0	7876.12	32512.17	4375.530000000001	55097.98999999999	22020.95	15426.17	60742.81	19418.11	7456.03	2875.5	32.620000000000005	5.62	0.0	0.0	6322.24	896.0	0.0	0.0	0.0	0.0	678.0	3209.04	0.0	19.0	32.0	1639.33	11.0	11.0	1938.16	9467.33	10460.33	87.0	12.0	23.5	12.5	12.0	13.0	7.0	1208.17	7.0	1215.17
PL-C2-L8	16.0	16.0	16.0	16.0	16.0	0.0	217.0	217.0	429.0	2008.5	2008.5	2196.5	2008.5	2012.5	489.5	2012.5	2012.5	2012.5	367.0	0.0	0.0	16001.18	3128.2	5378.0	45818.100000000006	11527.63	5658.1	4054.0	123.0	13962.2	161.0	156.0	156.0	156.0	4366.45	4222.25	6740.4	1074.9299999999998	44742.85999999999	6516.33	5254.25	223.0	43559.12	13233.07	38060.88	2014.5	2014.5	5913.5	142.67999999999998	3254.5	6483.4400000000005	24252.35	1095.5	0.0	180.0	6006.02	13920.62	5191.5	18.0	315.56	48385.19	410.1	7.0	639.0	47.0	156.0	100.0	8.0	223.0	122.6	1966.6	78.6	24.6	28.85	369.0	369.0	34.0	3643.83	3497.83	3488.83	158.0	0.0	70.0	7.0	8119.2	3641.83	3494.08	5.0	0.0	2839.0	132.5	0.0	2014.5	3628.83	774.16	4.0	2.0	2.0	2.0	2.0	2.0	2.0	159.0	71.0	73.0	71.0	71.0	6.0	6.0	19009.99	8566.54	3873.34	67.0	2.0	3021.5	1168.0	948.0	22946.63	4802.82	967.43	55236.49999999999	7601.389999999999	8171.25	8254.39	139.0	3131.25	21726.19	10870.26	55890.47	17839.46	9620.33	64206.04999999998	20897.18	9332.85	2902.5	33.25	4.0	4.0	2.0	2597.0	153.0	8.0	4.0	4.0	4.0	1580.2	3525.79	0.0	58.0	103.67	8258.66	7.0	7.0	8285.16	14364.83	14205.83	76.0	6.0	32.17	7.5	6.0	11.0	5.0	1398.33	5.0	1476.33
PL-C3-L1	0.0	0.0	0.0	0.0	0.0	0.0	257.0	257.0	676.5	1955.5	1955.5	2244.5	1955.5	1963.5	908.5	1963.5	1963.5	1981.5	134.0	0.0	10.0	14826.66	3790.66	5248.0	46410.59	12271.33	6549.83	4215.5	295.5	15606.5	262.0	73.0	73.0	73.0	5192.75	5057.25	8795.0	1333.65	43350.08	8780.34	7900.8	123.0	43175.05	14774.76	37705.5	1981.5	1981.5	6309.5	342.7	4036.5	6844.66	22515.44	442.5	9.5	85.0	7451.16	10166.09	5572.0	10.0	929.48	49357.060000000005	986.33	11.0	387.33	72.0	73.0	159.0	184.0	103.0	29.83	2725.83	22.33	17.83	18.33	786.0	786.0	45.0	4245.84	4005.84	4166.84	77.0	0.0	43.0	4.0	10530.25	4231.84	4168.84	4.0	0.0	4394.5	384.5	0.0	2098.5	4386.34	445.0	4.0	4.0	4.0	4.0	4.0	4.0	4.0	73.0	41.0	45.0	41.0	41.0	6.0	6.0	25346.93	11135.43	4669.43	39.0	4.0	3377.0	1118.0	803.0	23839.85	4507.83	1664.33	52422.0	6512.43	6915.5	7088.43	311.0	2550.5	27693.49	11457.5	54583.65	20214.74	8987.84	64976.50000000001	26447.46	10497.33	3772.5	54.0	8.0	12.0	12.0	4709.0	85.0	16.0	16.0	8.0	8.0	833.5	4192.74	5.0	20.0	81.0	6154.0	6.5	6.5	5394.5	12297.0	12248.0	71.0	6.0	4.0	6.0	6.0	6.0	4.0	1962.34	4.0	2070.34
PL-C3-L10	0.0	0.0	0.0	0.0	0.0	0.0	6.0	6.0	18.0	227.0	227.0	333.0	227.0	227.0	44.0	227.0	227.0	228.0	5.0	0.0	0.0	678.51	114.0	555.0	56916.15000000001	6384.129999999998	1071.0000000000002	307.0	410.33	22715.13	13.5	2520.5	2520.5	2520.5	19301.38	19201.58	21979.84	11403.03	44230.29999999998	1155.0	1465.88	3795.0	44234.79999999998	2180.21	35647.96999999999	313.0	313.0	477.33	20.65	360.5	7198.51	10050.660000000002	16396.5	5.0	2855.0	4812.009999999999	2140.26	422.0	0.0	409.42	51288.99999999999	22.5	2.0	2957.5	33.0	2520.5	130.5	0.0	0.0	2.5	1561.83	2.5	2.5	2.5	41.0	41.0	0.0	3456.5	3452.0	937.5	2522.0	0.0	1530.5	7.0	12903.12	3456.5	943.5	6.5	0.0	4737.5	306.0	0.0	228.0	942.0	2770.5	89.0	1.5	1.5	1.5	1.5	1.5	1.5	2642.0	1633.5	1635.0	1633.5	1633.5	110.5	110.5	55576.7	29301.09	21355.63	1524.5	1.5	19229.33	14326.0	15717.0	14176.160000000002	3173.53	225.5	46766.93999999999	22178.83	25052.33	25216.33	48.0	18834.33	34303.55999999999	2023.0	57953.19	11943.300000000005	26848.5	60808.73999999999	10321.340000000002	4714.88	2594.33	53.75	3.0	3.0	0.5	4195.66	2516.5	6.0	1.0	3.0	3.0	229.3	3014.4999999999995	0.0	0.0	114.17	307.5	92.5	92.5	553.5	9355.0	12220.0	76.0	108.5	1.5	108.5	108.5	113.5	6.5	708.5	6.5	714.5
PL-C3-L5	0.0	0.0	0.0	0.0	0.0	0.0	26.0	26.0	58.5	2598.0	2604.0	3126.0	2598.0	2598.0	640.0	2598.0	2598.0	2598.0	22.5	0.0	0.0	6012.499999999999	1330.9	5440.0	60556.09	13592.12	4113.95	3391.0	560.0	22909.75	76.0	1047.5	1047.5	1047.5	10792.0	10619.25	14868.010000000002	4430.25	44049.06999999999	5165.83	3831.33	2102.0	44193.47999999999	9143.220000000005	35388.40000000001	2652.0	2652.0	4221.0	69.4	3217.0	7961.699999999998	19121.720000000005	5605.0	60.5	1211.0	5723.699999999999	8465.319999999998	3960.5	0.0	533.5500000000001	52601.58999999999	177.2	7.0	1451.5	70.0	1047.5	129.5	6.0	6.0	2.7	2698.45	2.7	2.7	2.7	621.0	621.0	0.0	4621.33	4609.83	3574.33	1051.0	0.0	508.5	10.0	13972.75	4621.33	3585.08	8.5	0.0	4500.5	529.5	0.0	2652.0	3595.33	1444.42	23.0	3.5	3.5	3.5	3.5	3.5	3.5	1075.0	562.5	566.0	562.5	562.5	64.5	64.5	42697.5	19526.25	10075.25	501.5	3.5	9235.5	4942.5	5311.5	19827.15	3992.33	2466.119999999999	52742.42	12877.0	14854.5	14970.5	394.0	8711.5	28734.840000000004	10027.53	60152.09999999999	15159.900000000003	14992.66	66449.31999999999	18858.070000000003	9145.7	3164.5	54.75	12.0	14.0	7.5	4524.0	1053.5	24.0	11.0	12.0	12.0	300.95	3397.28	0.0	2.0	64.5	3481.92	28.5	29.5	3962.84	12990.42	14278.42	109.66	59.5	3.5	59.5	59.5	66.5	8.5	918.33	8.5	930.33
SB-C1-L1	0.0	0.0	0.0	0.0	0.0	0.0	41.0	41.0	61.5	618.5	625.0	755.5	618.5	618.5	426.5	618.5	618.5	620.5	39.67	0.0	9.5	9204.06	1486.6	2210.0	66307.99	13934.06	3832.3	1561.0	804.34	25761.09	172.0	264.0	264.0	264.0	13456.84	13380.59	21752.52	4904.59	44381.99999999999	6395.34	5266.5	465.0	44195.49999999999	10467.41	41062.16	627.0	627.0	2943.34	248.25	2458.0	11074.31	21571.41	3630.0	7.5	482.0	7626.64	7299.45	2627.0	3.0	1089.93	59291.349999999984	1427.3	0.0	1161.5	5.0	264.0	272.0	62.5	141.5	1.7999999999999998	6521.14	42.8	1.7999999999999998	45.8	406.0	406.0	3.0	4322.67	4047.67	4025.67	264.0	0.0	110.0	7.0	22952.61	4322.67	4065.67	7.0	0.0	7994.0	683.0	0.0	1025.5	4079.17	632.0	39.0	0.0	0.0	0.0	0.0	0.0	0.0	269.0	226.0	226.0	226.0	226.0	123.0	123.0	61551.58	27265.2	12162.52	103.0	0.0	10544.34	3952.0	3748.0	23103.32	4332.18	2127.3	56820.09999999999	14184.27	15127.84	15546.27	703.0	7566.84	42270.92999999999	5890.3	57714.51999999999	24226.82999999999	16123.67	70722.58999999998	27752.729999999992	6900.81	6380.34	16.75	0.0	0.0	0.0	8372.18	257.0	0.0	0.0	0.0	0.0	397.75	5924.84	0.0	46.67	176.67	3121.5	46.0	46.0	3752.67	7600.17	8150.17	19.0	123.0	0.67	123.0	123.0	147.0	7.0	2924.17	7.0	3040.17
SB-C1-L3	0.0	0.0	0.0	0.0	0.0	0.0	49.0	49.0	73.5	456.5	456.5	578.5	456.5	456.5	283.5	456.5	456.5	456.5	11.0	0.0	0.0	6076.91	866.0	1569.0	77179.56	14077.25	2386.0	1000.5	673.0	31162.25	212.0	518.0	518.0	518.0	18500.8	18304.55	29052.35	7316.55	44452.82	4520.5	3762.6	859.0	44326.02	6977.66	40437.01	456.5	456.5	2385.5	96.5	1532.5	12394.66	16854.870000000003	6319.5	8.0	694.0	7286.66	6082.96	1618.5	0.0	1084.36	61608.23	990.8	4.0	1110.0	0.0	518.0	202.0	36.0	78.0	0.0	6829.0	0.0	0.0	4.0	259.0	259.0	0.0	3509.5	3423.5	2997.5	518.0	0.0	293.0	6.0	27635.3	3509.5	2997.5	6.0	0.0	8276.0	625.5	0.0	810.5	3016.0	732.0	5.0	0.0	0.0	0.0	0.0	0.0	0.0	522.0	394.0	394.0	394.0	394.0	107.0	107.0	80853.95999999999	34319.96	18130.46	287.0	0.0	15093.0	6569.0	6320.0	19209.86	4177.06	1335.5	56508.42	19603.21	20838.5	21221.21	902.0	12079.5	48908.69	4058.25	57336.43000000001	23646.52	19992.1	68039.47	24431.26	4651.76	6880.5	5.5	0.0	0.0	0.0	8871.0	512.0	0.0	0.0	0.0	0.0	234.25	5022.25	0.0	62.0	175.0	2344.0	11.0	11.0	2753.0	6902.0	7702.0	53.0	107.0	0.0	107.0	107.0	113.0	6.0	2158.0	6.0	2187.0
SB-C1-L5	0.0	0.0	0.0	0.0	0.0	0.0	30.0	30.0	45.0	382.0	382.0	473.0	382.0	382.0	236.0	382.0	382.0	399.0	7.0	0.0	0.0	3696.08	581.9	1007.5	78978.8	13314.45	1572.7	738.0	856.0	31654.25	105.0	1160.0	1160.0	1160.0	21506.5	21395.25	31019.26	9968.88	44519.58	3435.5	2400.5	1607.0	44321.58	4447.599999999999	39724.7	382.0	382.0	1751.5	5.75	1015.5	11952.2	13960.58	10171.5	11.0	1445.0	6927.200000000001	4446.28	1121.5	0.0	768.63	60257.21	639.1999999999999	8.0	1739.0	0.0	1160.0	236.0	47.5	7.0	2.2	5923.7	2.2	2.2	11.200000000000005	221.0	221.0	0.0	3496.0	3454.0	2344.0	1164.0	0.0	722.0	4.0	26934.75	3496.0	2340.0	4.0	0.0	8166.0	701.0	0.0	518.0	2355.0	1338.0	19.0	4.0	4.0	4.0	4.0	4.0	4.0	1172.0	925.0	929.0	925.0	925.0	211.0	211.0	86232.75	37705.75	21757.25	718.0	4.0	18803.5	9965.0	10269.0	16450.08	3605.38	711.1999999999999	54188.95	22988.5	24508.5	24846.5	584.0	16204.5	49079.58	2777.7000000000003	56888.08	21064.08	24074.5	66094.20999999999	20563.95	4164.200000000001	6152.0	19.75	11.0	15.0	12.0	7996.0	1175.0	22.0	16.0	11.0	11.0	165.25	4328.63	0.0	65.5	269.5	1336.5	19.0	19.0	1703.0	6552.5	8041.5	49.0	208.0	4.0	208.0	208.0	208.0	4.0	1819.0	4.0	1822.0
SB-C2-L1	0.0	0.0	0.0	0.0	0.0	0.0	221.0	221.0	331.5	1544.5	1569.5	1950.5	1544.5	1544.5	980.5	1544.5	1544.5	1544.5	217.0	0.0	25.0	18601.85	3551.8	4157.0	57145.93999999999	15484.069999999998	6695.400000000001	3529.5	672.67	20111.17	176.5	75.0	75.0	75.0	8814.17	8765.67	15768.75	2440.79	44175.52	8808.5	7070.0	122.0	43836.02	15506.53	41283.07000000001	1572.5	1572.5	5975.17	547.0	5080.5	10077.229999999998	23882.52	866.0	0.0	93.0	7774.73	10835.920000000002	5857.5	0.0	1004.62	53795.310000000005	2207.9	0.0	1261.0	0.0	75.0	89.0	133.0	230.0	35.89999999999999	5984.070000000001	124.9	35.89999999999999	124.9	914.0	914.0	38.0	4629.5	4371.5	4554.5	75.0	0.0	48.0	0.0	17969.68	4629.5	4554.5	0.0	0.0	8264.0	666.5	0.0	1833.5	4665.0	371.0	4.0	0.0	0.0	0.0	0.0	0.0	0.0	75.0	51.0	51.0	51.0	51.0	3.0	3.0	47392.2	19041.51	8018.17	48.0	0.0	6909.17	1679.0	1438.0	23269.52	4738.12	2541.9000000000005	56967.24000000001	9491.17	9971.17	10250.17	606.0	3124.17	37874.69	10840.899999999998	60433.350000000006	23094.02	10234.5	69346.47	31707.9	10768.569999999998	6700.67	5.0	0.0	0.0	0.0	8916.34	75.0	0.0	0.0	0.0	0.0	506.5	4728.12	0.0	69.0	113.0	7395.5	4.0	7.0	6916.0	10588.5	10684.5	18.0	3.0	0.0	3.0	3.0	3.0	0.0	2649.0	0.0	2721.0
SB-C2-L4	0.0	0.0	0.0	0.0	0.0	0.0	136.0	136.0	204.0	1450.0	1462.5	1928.0	1450.0	1450.0	904.0	1450.0	1450.0	1459.0	113.0	2.0	18.1	16387.300000000003	2986.0	3810.6	54840.18000000001	14188.75	6145.75	3472.0	696.0	18636.0	131.75	206.0	206.0	206.0	8922.5	8846.5	14585.4	3211.7	44150.2	8475.04	6226.33	286.0	43909.99999999999	14184.7	41165.09	1482.5	1482.5	5381.6	435.0	4409.1	9967.9	23352.95	2086.5	2.0	282.0	7762.849999999999	9976.21	5441.6	0.0	650.74	53733.44	2036.5	0.0	1600.5	18.5	206.0	93.0	73.1	120.5	45.900000000000006	4919.9	101.4	33.900000000000006	98.9	855.0	855.0	0.0	4558.84	4332.84	4359.84	206.0	0.0	122.0	7.0	15673.0	4558.84	4359.84	7.0	0.0	7227.0	648.0	0.0	1700.0	4420.84	491.0	24.0	0.0	0.0	0.0	0.0	0.0	0.0	207.0	149.0	149.0	149.0	149.0	36.0	36.0	42737.21	18387.21	8061.71	113.0	0.0	7147.0	2654.0	2480.0	23321.9	4505.91	1958.15	55426.53999999999	10325.46	10897.75	11165.46	580.0	4607.75	34947.95	9600.0	61287.73999999999	22303.160000000003	12225.84	69618.70999999999	28860.5	9851.250000000002	5562.0	3.5	2.0	2.0	0.0	7313.1	201.0	0.0	0.0	0.0	0.0	519.5	4940.54	0.0	88.0	155.32999999999998	6194.0	31.0	33.0	6236.0	10010.0	10272.0	46.5	36.0	0.0	36.0	36.0	45.0	7.0	2632.84	7.0	2659.84
SB-C2-L8	0.0	0.0	0.0	0.0	0.0	0.0	30.0	30.0	45.0	365.0	365.0	494.0	365.0	365.0	228.0	365.0	365.0	365.0	29.33	2.0	0.0	2900.0200000000004	458.77	780.0	69932.36000000002	11672.5	1123.9700000000005	696.0	685.0	26376.7	52.5	1478.0	1478.0	1478.0	19853.2	19632.5	26424.660000000003	9815.38	44469.56999999999	2513.5	1252.27	2005.0	44185.56999999999	3455.74	39720.43999999999	365.0	365.0	1179.0	49.83	817.5	10792.47	13119.4	11482.0	0.0	1762.0	6055.639999999999	4046.6	977.0	0.0	231.07	56979.31999999999	220.8	0.0	2099.67	51.67	1478.0	235.0	20.0	21.0	25.47	4192.969999999999	17.470000000000002	13.469999999999995	13.469999999999995	213.0	213.0	4.0	3211.5	3150.5	1724.5	1478.0	0.0	896.0	22.0	21216.7	3211.5	1755.5	22.0	0.0	6570.0	576.0	0.0	405.0	1748.5	1624.33	48.0	0.0	0.0	0.0	0.0	0.0	0.0	1492.0	999.0	999.0	999.0	999.0	125.0	125.0	71842.59999999999	33223.4	19862.2	874.0	0.0	18247.5	11040.0	11395.0	16839.57	3099.15	545.97	52115.13999999999	22221.0	24278.0	24433.0	386.0	16399.0	42131.7	2398.46	55322.58999999999	18211.24	24596.6	62873.94999999998	16308.740000000002	4105.57	4497.0	1.0	0.0	0.0	0.0	6150.0	1456.0	0.0	0.0	0.0	0.0	173.2	3498.41	3.0	1.33	149.32999999999998	1191.33	70.0	70.0	1469.33	7138.33	8914.33	50.0	125.0	0.0	125.0	125.0	147.0	22.0	1307.5	22.0	1350.5
SB-C3-L1	0.0	0.0	0.0	0.0	0.0	0.0	0.0	0.0	0.0	658.0	658.0	766.0	658.0	660.0	394.0	660.0	660.0	663.0	100.33	15.0	0.0	12122.61	2398.3	2640.5	60242.95	13831.88	4180.65	1616.0	816.0	20937.9	130.5	134.0	134.0	134.0	10708.9	10572.0	17433.3	3347.0	44458.78999999999	8266.33	7484.25	179.0	44232.20999999999	13849.03	41760.42999999999	658.0	658.0	3315.5	444.83	2936.0	10056.23	25539.66	1842.5	9.0	162.0	8967.98	7920.53	3093.0	2.0	832.5	57806.69	2250.9	0.0	817.22	1.72	134.0	37.0	184.0	111.0	100.4	6258.15	99.9	22.4	97.15	392.0	392.0	63.0	4346.5	4201.5	4172.5	134.0	0.0	83.0	0.0	19970.4	4346.5	4218.5	0.0	0.0	8078.5	796.0	0.0	1044.0	4212.5	394.33	10.0	0.0	0.0	0.0	0.0	0.0	0.0	134.0	91.0	91.0	91.0	91.0	8.0	8.0	52221.48	23058.08	8681.68	83.0	0.0	7552.0	2672.0	2277.0	25851.63	4377.75	2295.4	55969.78999999999	11446.53	12540.25	12813.53	425.0	5430.25	38543.82	6660.06	56751.46	25317.38	13634.0	69182.14	30283.28	8731.31	6514.5	0.0	0.0	0.0	0.0	7476.5	134.0	0.0	0.0	0.0	0.0	436.12	5826.95	0.0	102.33	115.33	4639.83	16.0	16.0	4272.83	7611.83	7994.83	25.0	8.0	0.0	8.0	8.0	14.0	0.0	3107.5	0.0	3168.5
SB-C3-L1-B	0.0	0.0	0.0	0.0	0.0	0.0	60.5	60.5	89.5	871.5	883.5	1064.5	871.5	871.5	533.5	871.5	871.5	882.0	99.67	14.0	18.0	14558.88	2364.6000000000004	2751.5	46123.95	10200.48	4551.549999999999	1632.0	304.66	16237.01	311.25	265.0	265.0	265.0	7469.91	7375.809999999999	12465.48	2268.11	43929.850000000006	6772.17	8168.5	368.0	43745.530000000006	14199.44	39379.03	917.5	917.5	3725.16	335.72	3634.0	7220.79	26263.94	1783.5	35.0	329.0	8685.29	10661.73	3235.0	0.0	2066.34	53240.37	2077.2	14.0	616.5	7.5	265.0	163.0	193.5	122.0	53.3	3578.71	70.3	20.3	60.05	546.0	546.0	56.0	3692.0	3420.5	3422.5	272.0	0.0	192.0	10.0	13381.89	3689.5	3442.0	10.0	0.0	5131.0	347.0	0.0	1313.0	3463.0	493.67	25.0	7.0	7.0	7.0	7.0	7.0	7.0	268.0	201.0	208.0	201.0	201.0	30.0	30.0	33627.509999999995	16490.54	6997.12	178.0	7.0	5379.66	2108.0	1960.0	25012.43	4540.16	2168.8	51227.78	8209.52	8901.66	9312.52	402.0	4137.66	32456.410000000003	8463.39	56149.3	23257.61	11287.5	62809.25	28346.120000000003	8473.210000000001	4234.66	21.5	21.0	25.0	21.0	5668.82	290.0	28.0	21.0	14.0	14.0	561.6	4818.07	2.0	57.17	96.5	6722.67	33.0	26.0	6219.67	10334.67	10719.67	85.0	30.0	7.0	30.0	30.0	39.0	10.0	2043.0	10.0	2131.0
SB-C3-L10	0.0	0.0	0.0	0.0	0.0	0.0	11.0	11.0	16.5	472.5	472.5	621.5	472.5	472.5	214.5	472.5	472.5	472.5	27.0	0.0	0.0	3315.0199999999995	1308.6000000000004	1190.0	54940.79000000001	7796.569999999999	1816.55	597.5	324.67	20274.02	36.0	2806.0	2806.0	2806.0	17241.52	17083.17	19508.56	8880.1	44908.60999999999	2669.0	3085.75	3066.0	44119.85999999999	3398.07	37309.06	489.5	489.5	1397.67	52.0	1066.5	7929.47	14222.840000000004	13355.5	1.0	3257.0	5443.72	4444.399999999999	1281.5	0.0	1400.9499999999998	51709.85	209.79999999999995	2.0	3386.0	16.0	2804.0	286.0	0.0	2.0	658.3	2310.22	630.3	385.3	385.55	209.0	209.0	0.0	4407.0	4355.0	1606.0	2807.0	0.0	2013.0	29.0	13296.53	4407.0	1636.0	29.0	0.0	4986.0	191.0	0.0	536.5	1607.5	2996.5	57.0	1.0	1.0	1.0	1.0	1.0	1.0	2884.0	2140.0	2141.0	2140.0	2140.0	157.0	157.0	52878.9	28413.11	18684.17	1984.0	1.0	17281.67	11633.0	13487.0	18333.27	3915.12	816.8000000000002	47495.16999999999	19648.57	22213.42	22419.57	258.0	16396.42	33453.2	2569.2999999999997	52366.87999999999	15142.860000000004	24490.5	59971.42999999999	13300.890000000005	6334.719999999999	1876.67	30.5	2.0	3.0	3.0	4232.34	2779.0	4.0	4.0	2.0	2.0	136.85	3215.07	0.0	5.0	193.0	1041.5	91.0	91.0	1389.0	7856.0	11061.0	112.5	157.0	1.5	157.5	157.0	193.0	29.0	1062.5	29.0	1093.5
SB-C3-L5	0.0	0.0	0.0	0.0	0.0	0.0	0.0	0.0	0.0	458.0	458.0	545.0	458.0	458.0	217.0	458.0	458.0	461.0	27.67	2.0	0.0	3809.84	540.4	1046.0	59475.32000000001	9442.4	1417.1999999999998	649.0	447.33	23572.28	156.0	1843.0	1843.0	1843.0	15934.03	15740.08	20885.9	6860.79	44207.66999999999	3195.67	2970.79	2127.0	44037.919999999984	4499.52	38114.15	462.0	462.0	1416.33	60.17	1130.0	9005.37	16279.510000000004	9034.0	7.5	2094.0	6054.870000000001	5354.7	1023.0	1.0	1374.56	55482.40999999999	495.2000000000001	21.0	2247.0	4.0	1843.0	177.0	50.0	29.0	10.2	3409.03	10.2	10.2	13.7	226.0	226.0	20.0	4234.5	4169.5	2359.5	1850.0	1.0	1146.0	17.0	17942.02	4235.5	2406.5	15.0	1.0	6081.0	370.0	1.0	533.0	2393.5	2012.92	30.0	8.0	8.0	8.0	8.0	8.0	8.0	1890.0	1245.0	1253.0	1245.0	1245.0	120.0	120.0	57733.08	27954.57	15977.21	1132.0	7.0	14466.33	8532.0	9269.0	19540.750000000004	4240.81	884.4500000000002	50215.76999999998	18007.260000000002	20095.83	20270.26	406.0	13126.83	36184.62	3098.13	53259.76	18111.330000000005	21742.17	62731.49999999999	17403.040000000005	4870.8200000000015	3674.33	32.0	14.0	19.0	11.0	5552.66	1844.0	28.0	18.0	14.0	14.0	166.95	4454.58	6.0	33.67	154.67000000000002	1745.42	35.0	33.0	1990.67	7897.42	10101.42	74.34	120.0	8.5	120.5	120.0	130.0	15.0	1818.5	15.0	1873.5
